	dimension 1	dimension 2
1001700602_A6	20.45757	11.218231
1001700602_A8	2.3559587	26.105885
1001700602_A18	22.537424	18.62436
1001700602_B1	27.809393	6.672446
1001700602_B2	45.84898	31.569605
1001700602_B4	15.634647	-3.2474065
1001700602_B8	16.766287	12.982737
1001700602_B9	44.49338	3.5413
1001700602_B12	29.751732	3.5962586
1001700602_C8	19.542887	1.4277765
1001700602_C9	19.316057	8.351455
1001700602_C10	43.9023	4.3455663
1001700602_C18	24.088701	26.679138
1001700602_C21	26.569302	37.28165
1001700602_D9	-0.89087665	-25.053455
1001700602_D10	24.292822	-17.703632
1001700602_D11	47.220005	13.551676
1001700602_D12	18.558468	19.285376
1001700602_D16	14.00747	13.00418
1001700602_D18	13.7574	15.520623
1001700602_E3	24.601728	27.867565
1001700602_E7	47.90492	14.336292
1001700602_E8	35.97512	23.58925
1001700602_E16	18.554277	35.062298
1001700602_E20	30.723125	34.609543
1001700602_F7	24.47227	32.367474
1001700602_F10	28.041435	-18.326694
1001700602_F11	32.256916	14.321388
1001700602_F12	9.945968	36.384197
1001700602_F13	17.20844	21.919123
1001700602_F15	15.550067	14.079995
1001700602_F18	32.31272	10.875876
1001700602_F20	11.090637	1.3470929
1001700602_F22	12.598918	36.251057
1001700602_G3	31.275139	18.387909
1001700602_G8	-8.291235	-24.939484
1001700602_G13	4.021607	-22.994648
1001700602_G14	12.369797	-5.4301696
1001700602_G19	22.136534	-17.021341
1001700602_G22	43.08798	5.401328
1001700602_I4	19.842806	23.198126
1001700602_I10	25.008707	28.912964
1001700602_I11	8.143764	11.095833
1001700602_I15	18.156082	10.854025
1001700602_I17	4.0366373	10.671425
1001700602_I18	15.542187	14.586397
1001700602_I19	33.979836	38.50171
1001700602_I20	16.150259	31.439465
1001700602_I21	12.641535	15.18668
1001700602_J3	25.933771	12.667775
1001700602_J10	27.759298	12.046327
1001700602_J11	5.534218	7.6377344
1001700602_K3	37.702427	12.3206005
1001700602_K4	23.15716	6.8328233
1001700602_K5	33.16388	-3.0656638
1001700602_K9	18.320415	5.5335555
1001700602_K11	35.35862	13.325752
1001700602_K15	34.837063	13.207086
1001700602_K18	8.2643585	-3.3915503
1001700602_K19	34.145634	-9.63221
1001700602_L6	33.712807	23.058413
1001700602_L13	29.367302	13.734771
1001700602_L18	15.954133	10.869991
1001700602_M3	30.641756	39.106293
1001700602_M5	19.101717	18.621382
1001700602_M15	28.348711	-18.339659
1001700602_M17	14.778711	7.486161
1001700602_N4	12.571088	7.553704
1001700602_N6	33.193546	24.770655
1001700602_N8	7.558995	20.06976
1001700602_N9	29.313633	-0.6202026
1001700602_N11	47.16896	32.26622
1001700602_N13	25.311356	3.075354
1001700602_N14	24.870136	13.413178
1001700602_N16	8.847973	17.090357
1001700602_O3	23.075794	15.215268
1001700602_O8	31.501179	2.4085498
1001700602_O10	25.623878	-17.99227
1001700602_O12	25.74835	39.122883
1001700602_O13	17.168398	31.48193
1001700602_O14	-13.939008	-22.068935
1001700602_O16	2.1586735	-20.16594
1001700602_O17	30.004133	3.7414815
1001700602_O18	35.143894	32.316032
1001700602_P8	29.365719	24.61797
1001700602_P14	30.716816	5.241866
1001700602_P17	35.659054	8.324951
1001700602_P18	10.160903	-0.70605505
1001700602_P19	30.141504	38.93414
1001700603_A1	-23.455235	41.79526
1001700603_A2	6.088971	-13.849265
1001700603_A4	31.855095	40.319916
1001700603_A6	34.44238	-18.092424
1001700603_A7	32.875618	16.352812
1001700603_A9	28.845999	37.39854
1001700603_A11	28.06369	-7.308831
1001700603_A16	21.37162	2.3777335
1001700603_A17	8.244213	-25.208351
1001700603_A19	39.849392	2.1815956
1001700603_A22	5.2328935	29.99024
1001700603_B1	27.39819	44.232677
1001700603_B4	20.548567	25.741577
1001700603_B6	9.625133	4.1365423
1001700603_B8	31.731367	6.6458826
1001700603_B10	9.038611	-21.852472
1001700603_B12	23.547056	23.438326
1001700603_B20	4.22612	-15.860144
1001700603_B21	17.763718	27.295425
1001700603_C3	0.01587016	21.451067
1001700603_C5	24.548258	-6.271243
1001700603_C7	-7.620096	4.401288
1001700603_C9	12.268172	-25.111904
1001700603_C11	11.534828	-19.032022
1001700603_C13	39.099358	14.120689
1001700603_D2	10.492827	4.791887
1001700603_D3	18.53446	44.43921
1001700603_D4	4.779918	-17.946331
1001700603_D6	24.607155	2.2126243
1001700603_D8	28.266119	8.623931
1001700603_D10	12.95903	10.4070215
1001700603_D11	29.925947	20.618313
1001700603_D12	15.203719	12.758382
1001700603_D17	2.1813383	-27.215982
1001700603_D20	2.1230817	-24.972622
1001700603_D21	42.69551	5.767254
1001700603_E1	34.581074	15.771059
1001700603_E3	39.238323	-1.3967475
1001700603_E5	6.7497253	-17.40438
1001700603_E7	36.861546	43.620426
1001700603_E9	31.965775	26.846476
1001700603_E11	10.895405	21.915508
1001700603_E15	29.326904	40.135124
1001700603_E16	27.35942	36.414436
1001700603_E18	4.8833685	19.066488
1001700603_E20	23.876898	-9.685165
1001700603_E22	8.742851	-21.199944
1001700603_F2	6.0466113	9.615222
1001700603_F3	-9.976078	-32.10135
1001700603_F5	25.906202	-0.9516408
1001700603_F7	7.7079425	-11.028602
1001700603_F9	47.016468	5.7384186
1001700603_F10	43.06646	-5.493259
1001700603_F12	6.5113535	31.40715
1001700603_F15	33.842262	8.030625
1001700603_F17	27.68479	22.617352
1001700603_F18	43.201546	-5.0501976
1001700603_F21	8.829203	42.179813
1001700603_G1	13.494994	19.376589
1001700603_G2	23.515574	9.042475
1001700603_G3	11.160492	5.962537
1001700603_G4	-5.6425056	-25.949753
1001700603_G6	36.242462	-9.023174
1001700603_G8	10.470726	-27.363323
1001700603_G10	8.456646	-10.456951
1001700603_G12	22.18799	-12.500061
1001700603_H1	2.6683629	-30.061956
1001700603_H3	27.894453	27.02428
1001700603_H5	15.421466	-1.7393372
1001700603_H7	17.411777	-2.3099306
1001700603_H9	4.0199265	6.6882668
1001700603_H11	21.16526	-17.544758
1001700603_I2	23.49183	20.299313
1001700603_I4	14.427968	21.697433
1001700603_I6	33.598408	15.036213
1001700603_I8	12.203823	-1.8512356
1001700603_I10	9.833413	12.88397
1001700603_J1	-1.2623988	-15.38871
1001700603_J3	16.947243	7.767232
1001700603_J5	37.51801	4.971
1001700603_J7	31.104841	22.95191
1001700603_J8	14.569322	-27.406483
1001700603_J9	16.866203	6.5434213
1001700603_J11	27.58415	1.0938346
1001700603_J12	20.502111	3.5041888
1001700603_K2	17.138144	3.7197618
1001700603_K4	34.962303	-8.537318
1001700603_K6	16.533249	2.9648523
1001700603_K8	35.076332	11.544224
1001700603_K10	17.05699	17.74984
1001700603_K13	-2.797426	-24.31233
1001700603_L5	34.952454	4.619197
1001700603_L7	9.274872	16.65523
1001700603_L10	31.079445	32.774216
1001700603_L12	3.4287086	-15.4423485
1001700603_L16	47.915043	32.58767
1001700603_L18	43.53413	17.358932
1001700603_M1	26.236406	23.373034
1001700603_M4	31.795002	20.279846
1001700603_M5	25.42687	22.544611
1001700603_M7	42.20447	32.123123
1001700603_M10	43.15027	33.374866
1001700603_M13	2.6265314	-31.3455
1001700603_M16	7.0647664	3.4929185
1001700603_M17	10.605376	40.044178
1001700603_M19	43.640953	27.919094
1001700603_M20	39.75488	8.126044
1001700603_M22	-1.850823	31.018843
1001700603_N1	49.675716	20.19515
1001700603_N3	19.133472	17.445206
1001700603_N6	19.670403	29.729954
1001700603_N10	38.442497	8.211949
1001700603_N12	30.114946	32.54952
1001700603_N16	-29.69038	-30.45665
1001700603_N17	40.103725	12.422492
1001700603_N19	2.2929733	33.8265
1001700603_O1	20.460588	-3.577321
1001700603_O2	0.024044953	21.429522
1001700603_O4	16.31296	-4.0475726
1001700603_O5	2.5571997	35.0319
1001700603_O10	17.632868	-13.617585
1001700603_O17	32.020077	33.115356
1001700603_O22	1.1576669	33.757004
1001700603_P6	-41.58189	-33.87775
1001700603_P13	50.354904	9.419198
1001700603_P17	21.016598	2.5373342
1001700603_P21	-2.3078048	38.796883
1001700605_A8	35.879936	19.111351
1001700605_A11	38.772255	-0.18445823
1001700605_A14	-3.1940236	-20.783049
1001700605_A16	26.940926	39.038303
1001700605_A18	38.73851	18.195711
1001700605_A20	26.01265	-9.177945
1001700605_A21	31.477386	44.860497
1001700605_B1	-5.3677945	37.785183
1001700605_B8	18.225882	26.668512
1001700605_B11	4.555011	-9.152896
1001700605_B13	14.271584	22.455473
1001700605_B14	5.9252234	21.715136
1001700605_B15	33.926647	-9.765803
1001700605_B18	-0.9815537	-21.152662
1001700605_C7	30.28438	22.100176
1001700605_C9	16.450077	-14.2046385
1001700605_C14	35.04012	34.58535
1001700605_C15	26.740156	15.361982
1001700605_C16	20.991703	-18.613035
1001700605_C17	-1.5677902	13.50946
1001700605_C18	12.201314	9.255194
1001700605_D1	25.776182	19.238482
1001700605_D3	20.67054	14.113111
1001700605_D8	24.239119	37.121235
1001700605_D9	19.037535	22.222202
1001700605_D13	16.592548	10.731397
1001700605_D17	6.196518	19.908463
1001700605_E3	17.992039	5.786463
1001700605_E5	29.93768	27.649324
1001700605_E12	15.465445	6.15312
1001700605_E15	13.528543	-3.1240127
1001700605_E19	31.419987	44.78358
1001700605_E22	2.9747376	-32.61123
1001700605_F8	32.800404	28.670986
1001700605_F11	-6.8000336	-26.171091
1001700605_F18	18.727564	35.079006
1001700605_F21	25.95661	-1.9585688
1001700605_G3	30.253826	-1.1297045
1001700605_G8	42.480354	7.0890036
1001700605_G9	28.883167	12.279434
1001700605_G12	25.205421	7.537841
1001700605_G19	7.3597965	42.07888
1001700605_H2	27.348995	14.948618
1001700605_H9	30.876675	21.641186
1001700605_H12	-0.6335508	-21.037258
1001700605_H15	12.357054	-12.521063
1001700605_I3	-23.135798	3.9127817
1001700605_J2	39.78661	22.541908
1001700605_J7	11.250065	-15.061567
1001700605_J8	19.34996	6.0719204
1001700605_J9	20.096207	-4.9349647
1001700605_J10	24.115463	-5.6343126
1001700605_J12	23.856815	7.7780695
1001700605_J15	6.3366613	15.296127
1001700605_J16	27.260214	27.805832
1001700605_K2	27.147383	7.8273354
1001700605_K9	10.616675	31.320553
1001700605_K21	-0.48521787	-19.231857
1001700605_L8	-14.982995	-23.848942
1001700605_L10	38.707886	13.156387
1001700605_L12	31.703402	10.279139
1001700605_L14	-33.911774	-35.04476
1001700605_L15	36.32039	0.7521037
1001700605_L22	11.094862	37.58908
1001700605_M11	5.9395905	6.881629
1001700605_M15	-7.2613935	3.745122
1001700605_M21	26.16826	3.8418329
1001700605_O2	48.78602	22.206938
1001700605_O3	0.4701785	-27.321901
1001700605_O5	42.172504	26.581253
1001700605_O6	4.042196	-9.955012
1001700605_O8	3.8377934	19.140497
1001700605_O9	21.208021	-2.675077
1001700605_O11	-0.16998906	-22.468378
1001700605_O14	24.015402	19.264519
1001700605_O21	10.215111	-25.057724
1001700605_O22	25.068388	33.08534
1001700605_P20	38.295742	1.2746336
1001700606_A1	1.8655154	27.033401
1001700606_A5	12.939951	-6.395285
1001700606_A8	48.01619	22.219461
1001700606_A11	9.743799	-10.346421
1001700606_A13	-3.8481414	6.020629
1001700606_A21	29.640347	-12.61782
1001700606_B4	9.691028	37.803787
1001700606_B7	35.398525	37.7222
1001700606_B12	42.173946	37.440308
1001700606_B13	32.50507	29.424204
1001700606_B14	33.913017	21.978485
1001700606_B15	-7.932194	12.771195
1001700606_B16	24.18749	13.2871895
1001700606_B19	-7.8556747	11.773881
1001700606_B20	9.252631	41.974712
1001700606_B22	21.87586	28.356783
1001700606_C1	37.48658	37.978355
1001700606_C3	11.606872	27.969929
1001700606_C6	12.61604	-11.6368265
1001700606_C10	31.353447	37.172573
1001700606_C13	7.595975	-16.362997
1001700606_C16	27.341782	40.20586
1001700606_C18	19.871056	8.7165
1001700606_C21	15.592829	-17.348011
1001700606_C22	-4.569808	-33.199806
1001700606_D5	22.768116	30.74666
1001700606_D12	16.22531	-14.950637
1001700606_D14	6.4925923	29.004585
1001700606_D16	7.8408885	-16.734596
1001700606_D17	42.949154	24.572737
1001700606_D20	27.990591	18.873434
1001700606_E2	21.133228	-23.089283
1001700606_E5	8.848645	-5.1895967
1001700606_E6	24.027397	17.965912
1001700606_E10	25.90975	9.829369
1001700606_E12	9.830237	-26.258331
1001700606_E15	-10.392315	-3.8651347
1001700606_E17	34.230526	6.3754253
1001700606_E18	29.173006	42.167847
1001700606_E19	40.995983	5.0578847
1001700606_E22	25.551352	18.030642
1001700606_F1	-1.0697081	-14.7464485
1001700606_F3	23.799042	29.392733
1001700606_F4	34.922665	26.76514
1001700606_F6	24.40576	10.567767
1001700606_F8	4.195187	-26.827255
1001700606_F11	22.841045	45.288383
1001700606_F13	32.870426	-2.2967296
1001700606_F16	13.181558	24.676397
1001700606_F18	-6.944984	6.460235
1001700606_F21	25.886406	41.23907
1001700606_G3	-10.335656	1.5973548
1001700606_G5	26.220156	33.48523
1001700606_G7	29.276133	-6.716539
1001700606_G14	25.735994	-12.191655
1001700606_H1	2.8783672	15.657386
1001700606_H3	4.581828	14.954326
1001700606_H6	0.94533384	-20.658195
1001700606_H11	5.6207	29.967812
1001700606_H15	37.206753	31.056257
1001700606_H17	-2.6263533	12.324055
1001700606_I2	26.353992	-3.4629579
1001700606_I4	43.57411	12.302681
1001700606_I5	37.599964	28.103827
1001700606_I7	8.780255	-26.817358
1001700606_I8	5.114269	10.238934
1001700606_I10	4.96917	-17.479603
1001700606_I12	41.036747	25.994432
1001700606_I14	10.0540495	27.116144
1001700606_I15	37.565357	25.461117
1001700606_I21	41.082287	28.252182
1001700606_I22	13.832938	34.39708
1001700606_J3	6.514085	5.2685122
1001700606_J5	29.168358	17.071846
1001700606_J6	34.933567	7.114596
1001700606_J8	42.813637	18.104618
1001700606_J11	-30.372553	-1.629164
1001700606_J16	24.584545	16.509024
1001700606_K1	17.117544	24.08948
1001700606_K3	39.954403	31.880562
1001700606_K5	23.055683	-11.14356
1001700606_K6	42.864937	26.09605
1001700606_K8	21.310635	33.28688
1001700606_K10	36.953568	32.31277
1001700606_K14	24.938774	8.743941
1001700606_K16	20.537077	18.778992
1001700606_K19	20.638382	12.787841
1001700606_K22	37.447594	34.04136
1001700606_L1	18.760962	44.801723
1001700606_L4	20.049753	14.961668
1001700606_L7	20.713896	-19.343817
1001700606_L11	29.047195	29.467964
1001700606_L16	31.848352	-10.132294
1001700606_L18	42.610462	18.639473
1001700606_L21	37.530235	39.80491
1001700606_M2	12.523617	19.176702
1001700606_M4	18.323387	22.425371
1001700606_M5	36.04097	6.6424613
1001700606_M9	36.05638	26.548912
1001700606_M12	31.317034	-1.6653664
1001700606_M17	22.450447	16.967539
1001700606_M20	1.1281029	-24.817192
1001700606_N1	-0.0058945045	-25.533484
1001700606_N7	11.462831	-27.964968
1001700606_N10	26.900904	19.327913
1001700606_N11	42.64193	19.530998
1001700606_N13	37.256073	32.456577
1001700606_N16	26.961222	28.989597
1001700606_N19	17.829128	-8.091293
1001700606_N21	23.888514	17.462355
1001700606_O3	11.319113	-16.547997
1001700606_O5	-7.439361	-27.344532
1001700606_O8	41.16391	29.818903
1001700606_O11	13.698074	23.945745
1001700606_O12	-3.3560083	-19.181969
1001700606_O17	14.770224	28.091465
1001700606_O20	37.142162	41.59458
1001700606_P4	22.718658	20.943148
1001700606_P5	37.976265	18.926723
1001700606_P9	21.968098	-1.661963
1001700606_P10	19.029251	-6.684275
1001700606_P12	11.536236	-7.3408003
1001700606_P18	35.502083	20.68234
1001700606_P19	34.314747	20.682201
1001700608_B5	47.744804	27.622757
1001700608_B8	-3.8896255	11.257192
1001700608_B11	-28.75702	-33.34766
1001700608_B13	-21.594082	10.447163
1001700608_B17	-27.603233	1.1299306
1001700608_C3	16.984175	-11.307884
1001700608_C4	20.83609	24.380669
1001700608_C6	-0.51545215	-29.131971
1001700608_C10	25.43536	21.864168
1001700608_C15	20.984325	-5.8092656
1001700608_C18	14.751798	18.764257
1001700608_D6	-33.31803	3.8814726
1001700608_D7	-2.8384528	-1.2971296
1001700608_D8	-17.848581	-23.782734
1001700608_D12	-2.5095854	-0.83537513
1001700608_D17	42.967476	41.527157
1001700608_E1	-1.7440757	5.1155915
1001700608_E2	7.9455657	-6.0329943
1001700608_E3	5.100756	-7.8026514
1001700608_E4	-16.80063	6.3249707
1001700608_E8	46.81787	22.232798
1001700608_E11	37.290165	35.05888
1001700608_E14	-27.300104	-15.51968
1001700608_E17	44.485233	7.4006042
1001700608_E20	-13.713381	-4.0496187
1001700608_F2	26.598396	26.245804
1001700608_F8	10.327901	-33.576305
1001700608_F16	2.4168653	1.4778684
1001700608_G1	8.757386	-32.519325
1001700608_G2	23.146355	-9.005524
1001700608_G5	-23.778458	-22.496237
1001700608_G13	15.043501	-5.3178697
1001700608_G19	-20.921759	-14.598438
1001700608_G21	33.812977	31.37836
1001700608_H3	-24.01554	-25.580498
1001700608_H13	-19.084108	-6.6488533
1001700608_H16	-9.561697	12.636849
1001700608_H17	-13.802321	-6.277588
1001700608_H19	9.2741375	9.030049
1001700608_I1	-17.0572	-8.943412
1001700608_I2	-44.796646	-26.21453
1001700608_I4	-22.45897	2.923119
1001700608_I11	27.733185	30.554537
1001700608_I20	-19.373196	-21.920555
1001700608_J10	34.9515	-11.321703
1001700608_J14	-26.84047	-9.8603945
1001700608_J18	8.962095	9.998984
1001700608_J19	-46.672768	-31.304802
1001700608_J21	-20.690796	-13.928693
1001700608_K2	20.147312	37.71783
1001700608_K4	-26.491096	-28.775583
1001700608_K12	21.214725	39.849136
1001700608_K14	-10.687399	-13.283901
1001700608_K17	-20.696188	-6.674056
1001700608_K20	-13.423238	-18.57081
1001700608_L8	28.101187	28.894297
1001700608_L10	-7.814607	5.585809
1001700608_L14	-34.48741	3.0628173
1001700608_L16	-17.140257	-22.480589
1001700608_L17	21.24579	-21.547918
1001700608_M4	11.164337	10.032119
1001700608_M9	-16.657639	-17.016191
1001700608_M10	13.140736	-10.61674
1001700608_M13	-50.224422	-21.400011
1001700608_M15	-22.936562	2.3533437
1001700608_M18	13.802481	-13.254166
1001700608_M20	2.2708795	-6.205898
1001700608_N6	13.712239	-7.2477593
1001700608_N9	-15.615318	-19.163479
1001700608_N12	20.21885	39.15365
1001700608_N13	-18.690182	-16.721903
1001700608_N14	20.370764	21.484264
1001700608_N16	1.970605	-7.176119
1001700608_N18	34.357628	29.021345
1001700608_N19	-16.208591	-1.0211718
1001700608_O2	49.812504	22.714699
1001700608_O4	13.669008	28.92677
1001700608_O8	-25.217266	-16.857723
1001700608_O10	-32.30683	-3.4549005
1001700608_O12	4.4051447	14.584489
1001700608_O15	35.420227	29.33216
1001700608_O17	38.894	34.399384
1001700608_O19	-14.292379	-5.119987
1001700608_O20	9.540971	-29.483385
1001700608_O22	-10.011203	7.204294
1001700608_P7	2.6176128	-11.238069
1001700608_P8	6.840971	24.242771
1001700608_P11	-2.9843395	5.7319374
1001700608_P14	22.47403	23.738869
1001700608_P15	30.899635	-12.042379
1001700608_P17	6.7913814	2.2276561
1001700609_A1	-15.415833	-37.696228
1001700609_A2	-11.06842	36.94482
1001700609_A9	-33.95895	-24.166552
1001700609_A11	-40.291798	-15.48623
1001700609_A14	-34.102398	-12.63143
1001700609_A16	-43.337322	-19.524961
1001700609_A17	-17.75265	-4.2856092
1001700609_A21	36.73627	20.765747
1001700609_A22	-33.709194	-17.08386
1001700609_B6	-51.44633	-24.538284
1001700609_B12	-20.561703	6.6277957
1001700609_B15	-28.772284	-13.114925
1001700609_B22	-15.034127	-9.0538645
1001700609_C3	-17.103989	9.637547
1001700609_C4	-19.391848	-36.19218
1001700609_C7	-25.12692	-28.058073
1001700609_C9	-56.631317	-28.96276
1001700609_C13	-9.982825	-14.9389
1001700609_C16	-25.81614	-4.8135896
1001700609_C20	24.132057	35.074463
1001700609_C21	-34.507416	-13.503487
1001700609_C22	-3.2656236	-32.6626
1001700609_D2	-18.8928	-2.7807522
1001700609_D8	1.0844053	-8.482677
1001700609_D14	-7.048445	9.942913
1001700609_D20	-19.04804	-19.108194
1001700609_D21	-25.377254	-1.4718549
1001700609_E1	-65.85174	-27.189503
1001700609_E9	40.933594	-12.6386175
1001700609_E11	-34.24858	-29.428347
1001700609_E12	-35.931988	0.9826704
1001700609_E15	12.395098	1.7567298
1001700609_E17	7.94121	6.625281
1001700609_E19	-0.2743904	-6.6140265
1001700609_E21	-24.121614	-20.328342
1001700609_F6	-31.277826	-18.81384
1001700609_F8	-1.5311592	-26.938423
1001700609_F11	-34.890797	-26.27988
1001700609_F13	-12.235255	1.1824278
1001700609_F14	-16.882998	-13.451616
1001700609_F16	-42.669598	-25.255108
1001700609_F22	-36.69044	-35.971855
1001700609_G2	-30.312645	-6.60099
1001700609_G7	-20.955936	10.206308
1001700609_G10	-14.313956	8.072388
1001700609_G15	-44.08489	-9.08628
1001700609_G16	1.9449091	-23.165245
1001700609_G18	-32.02024	-25.908323
1001700609_G19	19.33662	-16.409096
1001700609_G21	-21.702356	-21.981804
1001700609_H3	-21.023842	-2.5405672
1001700609_H5	-4.3978567	-1.9542371
1001700609_H8	-53.110683	-24.933744
1001700609_H11	-29.715273	-5.061231
1001700609_H13	-10.25871	-3.8880556
1001700609_H18	-17.720114	3.025923
1001700609_H20	-18.911781	1.8093762
1001700609_I1	-37.76805	-19.063814
1001700609_I4	-20.03464	-32.677166
1001700609_I7	-34.603523	-18.977076
1001700609_I10	-16.86411	2.0086226
1001700609_I13	-4.054686	13.509984
1001700609_I15	-12.795569	8.3717375
1001700609_I17	-20.758705	-25.70571
1001700609_I19	-51.76001	-24.52507
1001700609_I21	-1.3605831	-1.4963616
1001700609_J2	-22.002296	-29.711094
1001700609_J6	-28.98931	-0.3314324
1001700609_J8	-46.085163	-17.774242
1001700609_J11	14.812807	-19.557251
1001700609_J12	-37.022514	-36.475456
1001700609_J14	32.379852	27.553162
1001700609_J16	-29.056025	-16.40204
1001700609_J19	-20.007805	-29.295355
1001700609_J21	-20.10325	3.544895
1001700609_J22	-34.4943	-23.113745
1001700609_K3	-34.581642	2.19778
1001700609_K4	-11.7607975	11.276377
1001700609_K11	-16.871088	-33.113857
1001700609_K12	-31.25179	-12.394239
1001700609_K18	-21.03152	-8.78841
1001700609_K20	-37.673668	-37.42248
1001700609_K22	-25.409077	-16.767973
1001700609_L1	7.683163	-32.89176
1001700609_L2	-2.3262265	0.35093692
1001700609_L5	-20.758871	2.4264376
1001700609_L10	-23.218735	-8.655884
1001700609_L13	-1.3677318	11.0988655
1001700609_L19	-28.461895	-8.311512
1001700609_L20	-52.3806	-22.758944
1001700609_L21	-22.97463	-32.866615
1001700609_M2	13.112771	1.5720022
1001700609_M3	-23.297592	-0.17361705
1001700609_M6	-31.634726	-33.76115
1001700609_M8	-24.090775	7.2285194
1001700609_M12	-11.201903	4.665732
1001700609_M14	-36.28336	-21.300297
1001700609_M17	-18.80596	-22.909973
1001700609_M18	-34.402405	-28.404762
1001700609_M22	-15.296072	4.3601694
1001700609_N2	42.097664	40.74332
1001700609_N4	-31.912424	-4.293979
1001700609_N5	-15.223288	-16.205048
1001700609_N7	14.228481	5.2880297
1001700609_N9	-27.850946	-23.275879
1001700609_N11	-5.394588	-33.62758
1001700609_N12	-17.94126	-9.785616
1001700609_N13	-31.935333	-13.358239
1001700609_N14	2.196109	1.0786184
1001700609_N15	-24.61406	-13.911308
1001700609_N16	-37.40574	-22.035751
1001700609_N17	-16.928106	-12.660309
1001700609_N18	-36.884556	-23.228645
1001700609_N21	-34.14134	-11.077962
1001700609_O3	-13.055797	7.4622054
1001700609_O6	17.885603	-20.79512
1001700609_O12	-26.018854	5.8102255
1001700609_O14	6.8878627	-14.887887
1001700609_O17	-14.836541	-34.658512
1001700609_O19	-16.126995	-10.869905
1001700609_O22	-23.166716	-2.5008404
1001700609_P8	-28.351288	-29.206503
1001700609_P11	-16.357977	-35.22839
1001700609_P15	-26.26067	-25.55461
1001700609_P18	-9.191808	14.1103
1001700609_P20	-15.830997	-36.856197
1001700609_P21	-5.737989	37.65491
1001700610_M21	14.268506	38.98635
1001700611_A3	-31.973467	-21.106321
1001700611_A4	-17.485708	0.49991938
1001700611_A7	-46.02085	-16.253084
1001700611_A10	-21.145594	-5.662327
1001700611_A14	-59.377857	-26.73081
1001700611_B6	-21.099714	-20.314482
1001700611_B9	-27.158222	-3.9805226
1001700611_B11	-18.035336	-29.392498
1001700611_B15	-32.141724	-33.36318
1001700611_B20	-58.662273	-11.503311
1001700611_B22	-32.114113	-29.050995
1001700611_C5	-22.772768	-2.4572122
1001700611_C9	-26.976791	-0.13933867
1001700611_C13	-65.55945	-18.621178
1001700611_C16	-38.73555	-20.877419
1001700611_C17	-60.995388	-21.630888
1001700611_C18	-63.67361	-24.626066
1001700611_C19	-44.047825	-20.672052
1001700611_C20	-61.97097	-8.174162
1001700611_C22	-73.74263	-18.686707
1001700611_D3	-61.014153	-16.18647
1001700611_D7	-23.01311	-7.710389
1001700611_D9	-38.767994	-28.610065
1001700611_D12	-32.862335	-26.968048
1001700611_D16	-32.802464	-19.109592
1001700611_D18	-16.497608	-26.643877
1001700611_D21	-45.74042	-17.194088
1001700611_E4	-60.916782	-22.01782
1001700611_E6	-31.685335	-22.115255
1001700611_E7	-47.950924	-20.777363
1001700611_E9	-46.315834	-11.978685
1001700611_E10	-66.96369	-19.97147
1001700611_E11	-62.843475	-18.281273
1001700611_E14	-27.056688	-1.9851134
1001700611_E17	-30.270023	-36.389896
1001700611_E18	-25.85778	-0.50541884
1001700611_E20	-65.3307	-16.546545
1001700611_E22	3.0452287	4.26222
1001700611_F3	-26.246578	-7.877552
1001700611_F4	-28.397203	2.0263014
1001700611_F12	-41.27406	-18.36895
1001700611_F17	-45.37448	-12.4417715
1001700611_F19	-37.33558	-26.261948
1001700611_F21	-21.944733	-2.374065
1001700611_G10	-43.121983	-14.985474
1001700611_G13	-32.930527	-18.74876
1001700611_G15	-62.74431	-20.389706
1001700611_G16	-13.507246	1.5410295
1001700611_G19	-13.672438	2.7428732
1001700611_G22	-12.539067	8.826248
1001700611_H6	-44.956207	-24.771975
1001700611_H11	-27.944748	-9.751438
1001700611_H13	-10.409633	10.533346
1001700611_H17	-58.16809	-17.574423
1001700611_H18	-38.49746	-15.758019
1001700611_H20	-35.367516	3.830769
1001700611_H21	-60.821514	-19.592075
1001700611_I3	-10.38421	9.85081
1001700611_I5	13.655101	-21.126553
1001700611_I8	-66.084984	-24.15641
1001700611_I11	-27.303354	-16.544512
1001700611_I13	-13.996928	10.177266
1001700611_I15	-29.847082	-19.419065
1001700611_I16	-47.121483	-11.641046
1001700611_I19	-71.90537	-19.07997
1001700611_I21	-41.075222	-17.47787
1001700611_J6	-44.08907	-23.277193
1001700611_J14	-39.38161	-28.422709
1001700611_J18	-24.345856	-6.3212485
1001700611_J20	-30.837273	-9.800708
1001700611_K6	-37.892647	-4.483387
1001700611_K9	-38.271183	-22.005936
1001700611_K11	-33.273495	-27.647053
1001700611_K12	-38.179897	-14.245738
1001700611_K13	-19.94658	-26.934626
1001700611_K15	-63.916924	-16.026495
1001700611_K19	-18.864147	-34.368862
1001700611_K22	-1.0156446	14.996913
1001700611_L2	-40.219425	-27.635773
1001700611_L4	-12.639329	4.249225
1001700611_L5	-35.238277	-31.684017
1001700611_L7	-39.496616	-23.565645
1001700611_L8	-28.54128	-10.669491
1001700611_L10	-26.982164	-26.790247
1001700611_L12	-39.75498	-15.259386
1001700611_L16	-64.49164	-25.803988
1001700611_L17	-22.992495	-20.833397
1001700611_L19	-52.945225	-22.501736
1001700611_L21	-28.493387	-26.644665
1001700611_M2	-28.22972	-1.9760396
1001700611_M5	-19.943428	-23.503036
1001700611_M6	-28.657509	-11.470196
1001700611_M7	-32.88252	-5.0543537
1001700611_M11	-36.524414	-8.850633
1001700611_M12	-23.281153	-6.049818
1001700611_M14	-16.752096	1.4336766
1001700611_M18	-19.217974	-4.2451277
1001700611_M20	-28.714094	-2.0157988
1001700611_N7	-22.915056	-5.239769
1001700611_N9	-18.537855	-34.654892
1001700611_N10	-60.33086	-12.646917
1001700611_N13	-66.0776	-16.333647
1001700611_N14	-18.305561	-4.1864347
1001700611_N15	14.030959	-19.624853
1001700611_N16	-61.704384	-20.703157
1001700611_N19	-27.312513	-26.112938
1001700611_N20	-22.233704	-19.028122
1001700611_O5	-14.690932	-11.356719
1001700611_O7	-71.719376	-18.429802
1001700611_O11	-22.489626	-21.043598
1001700611_O13	-20.887789	-0.3257895
1001700611_O15	-44.30765	-24.282656
1001700611_O16	-29.080189	-5.7905107
1001700611_O18	-42.562103	-14.847536
1001700611_O21	-20.029919	-29.127808
1001700611_P7	-10.447457	-14.111378
1001700611_P14	-63.919456	-10.971871
1001700611_P17	-3.0415246	-23.091835
1001700611_P20	-48.1835	-29.573202
1001700612_A1	-11.008501	35.83239
1001700612_A2	-24.07069	40.948982
1001700612_A3	-67.0768	-25.003017
1001700612_A15	-16.876955	-17.287241
1001700612_A17	-50.304684	-13.958847
1001700612_A18	5.053678	-23.286522
1001700612_A21	-41.491886	-22.162407
1001700612_C2	-61.708668	-8.345868
1001700612_C5	-46.69748	-24.979141
1001700612_C6	-31.016739	-34.98308
1001700612_C7	-48.94695	-20.65364
1001700612_C19	-16.26307	35.620735
1001700612_D5	-39.808605	-30.336285
1001700612_D8	-58.205433	-25.4686
1001700612_D10	-61.01301	-16.929615
1001700612_D12	-24.624786	40.090286
1001700612_D16	-63.253304	-22.61231
1001700612_D18	-49.960094	-13.831617
1001700612_D21	-71.50375	-17.847977
1001700612_E1	-35.87703	-32.25507
1001700612_E2	-59.441128	-21.014174
1001700612_E3	-38.71059	-24.864405
1001700612_E6	-61.433968	-13.307081
1001700612_E9	-29.619186	-26.853058
1001700612_E10	-24.518887	6.7273264
1001700612_E12	-68.13654	-14.15603
1001700612_E13	-54.8945	-11.803637
1001700612_E14	-47.26245	-23.635674
1001700612_E16	-42.85485	-29.636093
1001700612_E19	-72.869576	-20.228973
1001700612_E22	-57.051823	-15.032252
1001700612_F1	-68.0858	-16.693394
1001700612_F2	-58.953854	-14.037588
1001700612_F3	-60.408363	-11.341858
1001700612_F6	-16.096853	-28.186968
1001700612_F8	-40.272324	-13.6346855
1001700612_F17	-49.45296	-19.024334
1001700612_F18	-24.136166	-12.784964
1001700612_F20	-35.795036	-28.529247
1001700612_G4	-23.72643	40.5218
1001700612_G5	-59.98853	-27.456211
1001700612_G7	-59.60047	-12.260735
1001700612_G10	-14.977484	1.0465121
1001700612_G11	-65.46082	-12.995312
1001700612_G13	-26.474928	37.03813
1001700612_G15	-23.965725	39.76853
1001700612_G18	-60.440735	-9.101856
1001700612_G20	-31.92538	-29.295479
1001700612_H1	-70.88875	-20.422276
1001700612_H5	-11.644523	-9.53255
1001700612_H6	-65.00008	-13.825032
1001700612_H8	-55.1825	-21.066887
1001700612_H11	-69.25006	-13.986685
1001700612_I2	-68.70902	-19.487907
1001700612_I6	-40.312527	-22.283396
1001700612_I8	-24.727192	-37.069973
1001700612_I11	-65.45448	-19.533545
1001700612_I12	-64.76659	-24.772343
1001700612_I15	-57.429077	-19.06523
1001700612_J1	-67.217415	-21.043846
1001700612_J3	-23.254036	40.246647
1001700612_J8	5.9109454	-20.134212
1001700612_J13	-64.67956	-20.803007
1001700612_J15	-70.53774	-22.032825
1001700612_J21	-60.787434	-24.45685
1001700612_K4	-20.58052	5.807696
1001700612_K9	-32.714977	-32.955082
1001700612_K10	-22.343954	41.302353
1001700612_K12	-59.792137	-23.540833
1001700612_K14	-59.842255	-17.475983
1001700612_K16	-27.555912	-24.125616
1001700612_L1	-47.528748	-25.989857
1001700612_L6	-63.48452	-18.095663
1001700612_L10	-66.602165	-15.317822
1001700612_M8	11.869552	-13.779311
1001700612_M10	-54.80755	-17.445791
1001700612_M14	-26.849255	36.42199
1001700612_M17	-15.271077	-22.492334
1001700612_N1	-13.439208	35.742596
1001700612_N5	-66.4757	-17.516254
1001700612_N14	-41.37674	-32.89153
1001700612_N20	-41.909447	-29.640297
1001700612_N22	30.021168	-6.740975
1001700612_O4	-44.40402	-10.118228
1001700612_O15	-65.90017	-23.279415
1001700612_O17	-26.87684	36.404716
1001700612_O19	-58.078697	-17.138367
1001700612_P3	-14.990938	35.90193
1001700612_P6	-64.52358	-10.2463
1001700612_P7	-10.634893	35.38102
1001700612_P9	-13.953021	36.63801
1001700612_P20	-56.36295	-25.092575
1001700612_P22	-49.079765	-29.866602
